id_venda,id_produto,id_cliente,id_vendedor,data_venda,quantidade_vendida,valor_total_venda,metodo_pagamento
1,13,126,18,2023-10-31 21:11:35,3,683.28,Cartão de Crédito
2,2,68,5,2023-06-13 01:29:25,1,809.56,PIX
3,4,48,18,2024-07-18 02:06:06,1,321.42,PIX
4,24,194,11,2024-03-05 08:09:35,5,2754.8,Débito Online
5,4,28,1,2024-09-04 23:53:45,2,642.84,Boleto Bancário
6,44,31,8,2024-07-01 00:47:42,1,213.51,Débito Online
7,45,32,12,2024-08-19 23:56:38,3,1149.84,Débito Online
8,21,116,7,2025-01-02 12:31:33,7,3065.23,Débito Online
9,23,28,12,2024-06-22 01:57:50,9,2216.25,Débito Online
10,50,35,15,2024-10-10 02:23:57,9,8831.34,Débito Online
11,41,102,9,2024-08-19 22:51:02,10,4156.4,Cartão de Crédito
12,26,143,2,2023-07-13 09:49:07,2,512.94,Cartão de Crédito
13,24,113,13,2024-05-02 04:10:02,4,2203.84,Transferência Bancária
14,43,176,16,2025-05-23 02:10:05,1,580.14,Débito Online
15,4,89,20,2024-02-02 11:46:01,3,964.26,Débito Online
16,46,93,4,2025-02-12 00:49:16,9,8357.04,Boleto Bancário
17,26,189,4,2023-12-30 19:32:03,4,1025.88,Débito Online
18,33,192,18,2024-09-29 12:52:21,7,3976.07,PIX
19,38,135,3,2025-01-04 01:54:02,7,241.99,Boleto Bancário
20,2,156,13,2023-06-21 18:42:40,5,4047.8,Cartão de Crédito
21,20,73,14,2023-08-26 09:15:29,6,5152.92,PIX
22,48,88,13,2025-01-07 05:28:18,5,761.35,Débito Online
23,45,18,13,2023-08-16 14:01:08,2,766.56,Cartão de Crédito
24,43,118,7,2025-01-16 08:17:53,9,5221.26,Boleto Bancário
25,10,35,6,2024-11-23 01:33:43,5,5045.95,Débito Online
26,22,69,5,2024-08-20 21:46:45,9,7739.37,PIX
27,44,178,1,2024-06-23 05:35:42,1,213.51,Boleto Bancário
28,49,65,17,2024-03-16 15:26:43,2,2000.9,PIX
29,7,173,2,2025-01-28 14:21:00,6,4359.48,Cartão de Crédito
30,50,200,16,2024-12-27 15:50:17,5,4906.3,PIX
31,18,103,5,2023-07-31 22:36:53,3,2073.48,Débito Online
32,20,152,11,2023-08-07 13:04:08,6,5152.92,Débito Online
33,5,180,12,2023-06-19 01:49:30,7,5128.69,Cartão de Crédito
34,12,193,14,2024-02-03 22:54:29,10,858.6,Débito Online
35,44,57,11,2025-05-01 21:50:21,6,1281.06,Boleto Bancário
36,5,190,17,2023-07-05 13:42:27,5,3663.35,Cartão de Crédito
37,10,120,10,2024-09-25 23:27:49,7,7064.33,Boleto Bancário
38,17,120,17,2024-12-07 21:52:42,10,5841.1,Transferência Bancária
39,42,82,17,2025-04-05 04:51:51,7,3737.58,Débito Online
40,47,186,4,2025-03-29 18:46:19,1,499.75,Cartão de Crédito
41,12,47,11,2024-10-15 18:08:41,9,772.74,Boleto Bancário
42,48,194,14,2024-10-13 01:38:32,10,1522.7,Transferência Bancária
43,25,71,1,2024-10-18 03:54:53,7,2008.09,Boleto Bancário
44,32,10,13,2024-01-26 00:55:56,6,3365.34,Cartão de Crédito
45,3,168,17,2024-08-25 20:04:00,9,2366.28,Cartão de Crédito
46,30,152,18,2025-04-06 18:00:03,9,7670.43,Transferência Bancária
47,1,80,16,2024-04-04 16:49:05,10,3856.8,Transferência Bancária
48,14,80,2,2024-03-18 04:19:13,10,3922.1,Transferência Bancária
49,4,5,5,2023-10-21 11:06:50,4,1285.68,Cartão de Crédito
50,35,179,4,2023-06-07 02:47:16,1,23.21,Transferência Bancária
51,27,150,5,2023-10-12 08:06:46,6,3771.96,Cartão de Crédito
52,32,73,8,2024-05-10 14:41:33,1,560.89,Cartão de Crédito
53,16,100,16,2024-06-16 00:53:09,2,654.06,Cartão de Crédito
54,43,16,18,2023-12-23 03:20:38,7,4060.98,Débito Online
55,18,161,4,2024-05-28 10:44:17,8,5529.28,Boleto Bancário
56,22,118,16,2024-08-10 01:33:10,3,2579.79,Cartão de Crédito
57,22,124,13,2024-11-12 01:04:22,8,6879.44,Transferência Bancária
58,43,112,5,2024-04-23 16:37:47,1,580.14,Cartão de Crédito
59,20,153,13,2024-01-19 20:42:24,4,3435.28,Boleto Bancário
60,34,40,4,2023-07-31 05:01:13,9,3960.63,Transferência Bancária
61,45,116,2,2024-06-28 17:23:41,9,3449.52,Transferência Bancária
62,20,3,15,2024-05-07 16:08:50,7,6011.74,PIX
63,46,63,19,2024-09-26 01:21:49,5,4642.8,Cartão de Crédito
64,9,66,11,2025-03-05 02:31:35,5,5481.85,PIX
65,11,61,16,2024-04-07 01:42:53,7,1734.67,Débito Online
66,11,71,12,2025-03-24 21:34:16,5,1239.05,Cartão de Crédito
67,38,117,2,2023-07-16 20:33:41,7,241.99,Boleto Bancário
68,42,58,4,2025-05-28 10:31:13,4,2135.76,Boleto Bancário
69,40,74,18,2024-05-11 23:38:18,7,3337.53,Cartão de Crédito
70,2,134,3,2023-12-24 23:02:15,5,4047.8,Cartão de Crédito
71,44,83,3,2023-09-22 10:11:18,3,640.53,Transferência Bancária
72,9,4,17,2024-01-18 23:33:59,10,10963.7,Débito Online
73,16,156,11,2024-05-27 01:43:36,9,2943.27,Cartão de Crédito
74,45,16,3,2023-11-09 02:12:35,8,3066.24,PIX
75,34,154,4,2023-06-04 10:49:05,7,3080.49,Débito Online
76,49,58,11,2023-09-17 19:59:04,8,8003.6,Cartão de Crédito
77,11,162,17,2025-05-22 09:59:42,4,991.24,Débito Online
78,49,185,9,2024-11-12 09:03:30,9,9004.05,PIX
79,38,44,6,2024-03-09 04:13:10,2,69.14,Boleto Bancário
80,1,23,11,2023-12-28 13:00:31,2,771.36,Débito Online
81,17,47,1,2023-06-09 03:12:59,8,4672.88,Boleto Bancário
82,11,159,15,2024-10-14 04:12:35,2,495.62,PIX
83,14,27,8,2025-05-24 21:32:47,7,2745.47,Boleto Bancário
84,41,179,12,2023-12-01 11:47:10,8,3325.12,Débito Online
85,28,40,3,2024-11-09 17:13:18,3,2653.32,Débito Online
86,47,120,18,2025-03-10 04:07:48,6,2998.5,Transferência Bancária
87,1,184,3,2024-12-08 07:51:17,3,1157.04,Débito Online
88,30,7,18,2023-09-14 01:56:13,10,8522.7,PIX
89,28,45,17,2024-01-06 12:30:40,10,8844.4,Boleto Bancário
90,6,31,8,2024-09-11 10:50:53,7,4064.55,PIX
91,1,119,11,2023-11-21 12:51:56,7,2699.76,PIX
92,36,95,13,2023-09-09 19:57:57,2,1267.04,Transferência Bancária
93,29,140,16,2025-04-14 19:29:07,3,413.52,Boleto Bancário
94,21,180,19,2024-09-22 04:40:50,3,1313.67,Boleto Bancário
95,34,69,5,2024-01-31 06:40:56,9,3960.63,Débito Online
96,6,75,3,2025-01-18 07:43:03,3,1741.95,Cartão de Crédito
97,16,53,6,2024-07-13 13:10:08,3,981.09,PIX
98,21,65,11,2024-01-23 08:19:43,7,3065.23,Boleto Bancário
99,30,41,11,2023-09-27 10:12:44,5,4261.35,Boleto Bancário
100,18,119,15,2025-05-09 16:56:37,7,4838.12,Transferência Bancária
101,19,87,1,2024-07-09 17:15:05,9,5063.94,Cartão de Crédito
102,23,58,12,2024-10-17 14:07:29,8,1970.0,Transferência Bancária
103,50,78,2,2023-08-31 11:18:05,1,981.26,Transferência Bancária
104,39,22,3,2024-02-17 03:24:33,10,3439.6,PIX
105,24,67,18,2025-01-23 09:28:46,3,1652.88,PIX
106,42,14,19,2025-01-25 19:17:11,9,4805.46,Transferência Bancária
107,4,141,7,2024-08-13 21:15:45,5,1607.1,PIX
108,39,114,15,2024-04-06 07:19:23,7,2407.72,Transferência Bancária
109,10,34,8,2023-11-10 10:30:56,8,8073.52,Transferência Bancária
110,13,144,16,2023-07-08 21:15:24,8,1822.08,Transferência Bancária
111,29,48,3,2024-01-23 11:20:50,2,275.68,Boleto Bancário
112,28,63,4,2024-06-26 01:37:05,6,5306.64,Cartão de Crédito
113,23,74,1,2025-01-14 09:00:48,10,2462.5,PIX
114,23,89,3,2025-05-29 17:04:58,7,1723.75,Transferência Bancária
115,4,90,7,2024-02-19 03:59:58,3,964.26,PIX
116,43,33,18,2023-07-12 16:22:00,8,4641.12,Cartão de Crédito
117,25,15,18,2024-05-30 02:34:17,10,2868.7,Boleto Bancário
118,45,132,11,2024-01-24 20:10:07,3,1149.84,PIX
119,22,164,19,2024-09-20 17:03:21,1,859.93,Débito Online
120,4,118,12,2023-10-13 04:48:05,6,1928.52,Débito Online
121,9,81,12,2023-05-31 19:21:37,2,2192.74,Débito Online
122,50,116,14,2023-10-27 10:00:28,6,5887.56,PIX
123,39,8,6,2023-08-05 05:07:25,9,3095.64,PIX
124,35,109,10,2024-10-12 18:34:36,4,92.84,Cartão de Crédito
125,12,49,12,2024-01-29 06:58:28,5,429.3,Transferência Bancária
126,40,126,16,2025-01-05 03:45:32,3,1430.37,PIX
127,50,12,18,2024-08-15 16:24:44,1,981.26,Cartão de Crédito
128,3,36,5,2024-02-13 00:14:08,10,2629.2,Débito Online
129,46,198,7,2024-01-27 12:50:14,3,2785.68,Transferência Bancária
130,24,25,7,2025-01-02 20:41:43,8,4407.68,Transferência Bancária
131,1,34,4,2024-03-04 03:02:13,5,1928.4,PIX
132,24,140,18,2023-06-27 21:01:58,1,550.96,Cartão de Crédito
133,45,47,7,2023-07-11 19:20:27,3,1149.84,Cartão de Crédito
134,38,2,7,2024-04-20 14:44:30,4,138.28,Transferência Bancária
135,43,6,9,2024-12-03 18:54:59,10,5801.4,Débito Online
136,3,9,13,2023-09-15 05:05:34,9,2366.28,Cartão de Crédito
137,2,116,10,2024-10-08 21:14:34,4,3238.24,Débito Online
138,8,66,13,2024-12-31 19:55:32,8,9209.28,Cartão de Crédito
139,44,12,10,2024-05-17 21:14:43,2,427.02,Boleto Bancário
140,24,128,9,2024-10-11 07:48:36,8,4407.68,Cartão de Crédito
141,20,171,19,2024-05-17 11:53:09,1,858.82,Cartão de Crédito
142,30,118,1,2024-09-07 19:33:27,4,3409.08,Boleto Bancário
143,46,149,6,2023-11-20 14:01:23,10,9285.6,Boleto Bancário
144,30,81,20,2023-06-08 22:54:35,6,5113.62,PIX
145,42,146,2,2024-07-09 08:12:00,3,1601.82,Cartão de Crédito
146,45,65,1,2023-08-23 05:13:45,1,383.28,Cartão de Crédito
147,40,16,17,2023-06-02 21:44:05,9,4291.11,Débito Online
148,41,135,19,2024-06-27 18:07:04,4,1662.56,Cartão de Crédito
149,35,187,1,2025-02-01 03:51:49,6,139.26,Débito Online
150,15,200,1,2024-09-08 13:45:11,9,5424.75,Cartão de Crédito
151,25,76,12,2024-09-16 12:48:09,6,1721.22,PIX
152,6,10,20,2023-08-17 05:28:38,9,5225.85,Débito Online
153,19,61,19,2025-03-02 19:41:28,5,2813.3,Débito Online
154,7,17,7,2024-07-17 04:13:21,9,6539.22,Cartão de Crédito
155,19,164,16,2024-04-16 16:52:50,6,3375.96,Transferência Bancária
156,14,189,13,2025-01-26 00:07:22,3,1176.63,Transferência Bancária
157,24,120,17,2024-05-02 01:36:46,5,2754.8,Boleto Bancário
158,25,160,16,2023-07-20 10:13:59,2,573.74,Cartão de Crédito
159,13,70,14,2024-12-12 09:16:38,9,2049.84,PIX
160,21,47,2,2025-05-27 01:56:19,8,3503.12,Boleto Bancário
161,17,73,5,2024-04-17 16:54:41,9,5256.99,Débito Online
162,23,53,18,2023-10-17 18:09:51,9,2216.25,Débito Online
163,50,24,9,2024-05-04 14:56:00,8,7850.08,Débito Online
164,11,52,20,2024-05-14 07:59:21,4,991.24,Débito Online
165,22,23,20,2023-10-02 22:32:10,6,5159.58,Cartão de Crédito
166,22,13,9,2023-08-18 01:04:04,2,1719.86,Boleto Bancário
167,30,192,3,2024-02-07 10:10:07,10,8522.7,Cartão de Crédito
168,21,155,13,2023-09-07 10:15:34,7,3065.23,Transferência Bancária
169,23,175,16,2025-01-21 07:43:28,7,1723.75,Débito Online
170,47,18,10,2024-01-17 12:55:03,8,3998.0,Cartão de Crédito
171,48,185,10,2023-09-04 01:41:06,8,1218.16,PIX
172,41,185,1,2025-04-25 07:45:19,6,2493.84,PIX
173,43,56,1,2024-07-26 09:30:47,9,5221.26,Boleto Bancário
174,14,114,3,2023-12-03 12:42:11,6,2353.26,PIX
175,20,88,7,2023-09-23 06:19:32,7,6011.74,Cartão de Crédito
176,21,140,12,2024-07-15 09:40:52,10,4378.9,Boleto Bancário
177,7,10,3,2024-04-23 01:51:24,4,2906.32,Boleto Bancário
178,30,22,11,2025-01-25 23:32:01,4,3409.08,Boleto Bancário
179,5,171,20,2023-09-08 22:57:45,6,4396.02,Transferência Bancária
180,6,113,18,2024-10-06 15:37:25,1,580.65,Transferência Bancária
181,25,72,3,2024-05-04 10:57:39,5,1434.35,Cartão de Crédito
182,13,84,14,2024-09-25 16:18:04,8,1822.08,Boleto Bancário
183,20,10,2,2023-12-06 23:44:40,7,6011.74,Boleto Bancário
184,10,193,7,2024-07-28 18:07:40,8,8073.52,PIX
185,32,146,11,2025-03-15 11:28:34,1,560.89,Boleto Bancário
186,43,3,3,2024-08-22 15:30:34,9,5221.26,Débito Online
187,34,72,4,2024-09-25 00:04:26,10,4400.7,Boleto Bancário
188,3,3,3,2023-12-15 10:30:01,6,1577.52,Débito Online
189,16,122,10,2025-04-14 02:10:28,7,2289.21,Débito Online
190,44,55,20,2024-04-06 23:16:36,10,2135.1,Transferência Bancária
191,35,199,2,2023-06-24 09:21:31,8,185.68,PIX
192,40,136,7,2025-01-05 02:12:13,4,1907.16,Transferência Bancária
193,2,38,9,2025-02-17 06:18:03,4,3238.24,PIX
194,50,70,12,2025-02-10 17:28:59,2,1962.52,PIX
195,17,3,17,2024-04-09 23:12:11,3,1752.33,PIX
196,4,117,4,2024-11-18 03:52:22,10,3214.2,Boleto Bancário
197,41,90,14,2025-01-28 03:10:36,8,3325.12,PIX
198,27,38,12,2023-07-20 02:25:14,2,1257.32,Débito Online
199,33,122,5,2023-11-08 04:54:41,10,5680.1,Cartão de Crédito
200,36,192,9,2025-03-10 15:11:29,1,633.52,Cartão de Crédito
201,28,20,6,2025-02-22 00:31:42,8,7075.52,Cartão de Crédito
202,26,158,17,2023-07-17 03:21:38,3,769.41,PIX
203,21,65,2,2024-03-20 18:08:47,2,875.78,Débito Online
204,43,97,14,2024-06-02 02:05:52,1,580.14,PIX
205,4,192,6,2024-10-13 12:08:46,2,642.84,Boleto Bancário
206,45,185,12,2024-12-23 21:34:45,8,3066.24,Débito Online
207,18,85,5,2025-04-23 00:58:27,5,3455.8,Transferência Bancária
208,48,120,9,2024-07-17 06:17:21,3,456.81,Débito Online
209,46,155,4,2025-03-10 17:56:16,8,7428.48,Débito Online
210,35,118,1,2024-08-06 16:48:21,3,69.63,PIX
211,1,164,3,2024-09-23 22:39:34,2,771.36,Transferência Bancária
212,20,152,5,2024-11-05 19:05:02,7,6011.74,Débito Online
213,6,162,15,2024-08-30 01:32:14,10,5806.5,Transferência Bancária
214,22,31,16,2025-01-30 07:56:42,6,5159.58,Boleto Bancário
215,32,48,6,2024-10-09 14:34:38,7,3926.23,Transferência Bancária
216,27,60,1,2024-05-05 12:22:29,8,5029.28,Boleto Bancário
217,46,120,6,2024-05-15 08:18:06,3,2785.68,Débito Online
218,24,162,1,2024-08-08 20:45:46,5,2754.8,Débito Online
219,49,10,4,2024-10-03 04:00:19,3,3001.35,Boleto Bancário
220,24,20,2,2024-04-04 19:29:08,3,1652.88,Transferência Bancária
221,18,185,1,2023-10-08 05:02:50,7,4838.12,Débito Online
222,27,109,9,2025-01-13 13:18:05,4,2514.64,Boleto Bancário
223,6,196,4,2025-01-21 03:40:48,5,2903.25,Transferência Bancária
224,16,95,8,2024-11-19 00:52:16,9,2943.27,Boleto Bancário
225,1,105,17,2025-04-23 21:32:50,9,3471.12,Cartão de Crédito
226,37,154,2,2024-03-01 05:33:14,3,641.1,PIX
227,27,35,10,2024-09-26 04:50:06,6,3771.96,Débito Online
228,41,2,4,2025-01-30 08:58:46,8,3325.12,PIX
229,34,148,15,2024-09-03 09:20:43,3,1320.21,PIX
230,40,176,14,2024-03-17 16:16:35,1,476.79,Cartão de Crédito
231,4,21,16,2024-03-29 08:54:22,8,2571.36,Cartão de Crédito
232,45,189,3,2025-04-20 05:18:05,1,383.28,Boleto Bancário
233,44,142,17,2024-10-28 16:38:11,6,1281.06,Cartão de Crédito
234,21,26,7,2025-02-25 22:48:49,1,437.89,Cartão de Crédito
235,18,128,11,2024-05-24 05:15:23,5,3455.8,Cartão de Crédito
236,26,28,7,2024-08-21 15:01:03,5,1282.35,Boleto Bancário
237,49,74,9,2024-09-30 20:16:23,1,1000.45,Boleto Bancário
238,49,52,15,2024-04-05 21:14:56,8,8003.6,Débito Online
239,31,100,2,2023-07-16 22:35:26,7,2706.55,Transferência Bancária
240,15,164,9,2025-04-12 12:22:54,5,3013.75,Débito Online
241,39,77,13,2023-08-13 11:25:49,10,3439.6,Cartão de Crédito
242,35,18,19,2023-12-15 10:15:31,7,162.47,Transferência Bancária
243,47,72,3,2024-08-23 14:34:30,8,3998.0,Boleto Bancário
244,31,174,17,2025-05-24 16:23:34,4,1546.6,PIX
245,49,89,4,2024-10-22 09:31:28,7,7003.15,Boleto Bancário
246,8,123,10,2024-07-29 15:36:32,1,1151.16,PIX
247,4,73,4,2023-06-29 16:06:11,6,1928.52,Cartão de Crédito
248,19,79,13,2025-03-19 04:19:38,8,4501.28,PIX
249,18,104,14,2024-04-10 06:08:28,7,4838.12,Débito Online
250,20,168,11,2023-12-31 04:33:17,6,5152.92,Transferência Bancária
251,22,181,12,2024-10-13 00:37:06,2,1719.86,Cartão de Crédito
252,49,166,15,2024-06-10 07:41:42,9,9004.05,Boleto Bancário
253,13,59,18,2024-11-07 15:05:28,6,1366.56,Débito Online
254,43,20,14,2023-08-15 06:18:24,10,5801.4,PIX
255,33,194,10,2025-02-17 11:08:25,4,2272.04,Transferência Bancária
256,13,26,18,2023-10-07 03:13:33,6,1366.56,Débito Online
257,28,24,3,2025-01-20 10:45:48,8,7075.52,PIX
258,28,107,15,2024-08-26 07:03:48,6,5306.64,Débito Online
259,14,154,20,2023-09-17 00:12:40,9,3529.89,Débito Online
260,2,146,15,2024-06-10 23:59:00,2,1619.12,PIX
261,8,173,18,2023-11-29 18:59:14,7,8058.12,PIX
262,10,20,20,2024-08-06 09:40:35,8,8073.52,PIX
263,5,112,17,2025-04-07 08:05:58,6,4396.02,Boleto Bancário
264,14,135,19,2024-07-23 02:54:26,10,3922.1,Transferência Bancária
265,36,99,9,2024-08-18 00:42:09,5,3167.6,Cartão de Crédito
266,33,155,8,2024-12-13 09:42:00,3,1704.03,Boleto Bancário
267,36,98,10,2023-10-06 06:09:19,6,3801.12,Débito Online
268,40,137,7,2024-05-04 05:37:19,3,1430.37,Débito Online
269,37,78,16,2023-11-25 12:40:03,7,1495.9,PIX
270,27,137,1,2024-12-28 01:19:07,10,6286.6,Transferência Bancária
271,10,39,18,2024-01-02 15:14:04,6,6055.14,Boleto Bancário
272,11,8,15,2024-01-23 20:34:02,1,247.81,Cartão de Crédito
273,49,125,5,2024-12-19 00:20:35,4,4001.8,PIX
274,4,47,5,2025-02-09 10:50:20,1,321.42,Boleto Bancário
275,44,79,1,2023-11-07 05:22:10,3,640.53,Débito Online
276,18,181,9,2024-06-07 07:15:13,1,691.16,Débito Online
277,31,169,19,2024-02-09 09:23:37,3,1159.95,Transferência Bancária
278,3,137,4,2023-10-11 00:12:26,7,1840.44,Boleto Bancário
279,22,18,4,2024-01-25 18:46:46,8,6879.44,Boleto Bancário
280,26,101,11,2023-11-02 06:34:35,9,2308.23,Transferência Bancária
281,11,150,3,2024-11-27 04:11:06,1,247.81,PIX
282,41,45,10,2024-12-05 20:34:17,9,3740.76,PIX
283,8,170,8,2023-08-13 23:39:14,6,6906.96,PIX
284,37,99,20,2025-03-08 10:38:20,5,1068.5,Transferência Bancária
285,31,153,16,2023-10-06 04:19:35,6,2319.9,PIX
286,13,138,14,2024-01-28 00:15:38,10,2277.6,Transferência Bancária
287,15,54,11,2023-12-16 13:32:52,3,1808.25,Boleto Bancário
288,2,75,17,2024-10-04 08:57:09,7,5666.92,Cartão de Crédito
289,4,6,3,2023-11-02 14:38:09,4,1285.68,Transferência Bancária
290,5,25,6,2023-06-25 13:49:18,2,1465.34,Transferência Bancária
291,47,159,1,2023-10-08 16:04:11,3,1499.25,Boleto Bancário
292,16,106,12,2023-12-25 12:30:00,10,3270.3,PIX
293,25,127,20,2024-05-27 10:00:18,6,1721.22,Débito Online
294,39,126,7,2023-07-12 14:02:24,1,343.96,Transferência Bancária
295,50,21,4,2024-10-07 11:30:36,5,4906.3,Transferência Bancária
296,21,29,11,2023-12-31 19:47:37,3,1313.67,Boleto Bancário
297,36,83,18,2023-12-26 00:04:19,6,3801.12,PIX
298,36,186,7,2025-01-17 06:45:22,2,1267.04,Débito Online
299,39,195,8,2024-06-05 20:35:13,3,1031.88,Transferência Bancária
300,25,14,2,2024-11-21 10:23:24,3,860.61,Débito Online
301,27,154,15,2024-07-06 02:45:18,8,5029.28,Transferência Bancária
302,13,28,9,2024-03-06 17:07:53,7,1594.32,Débito Online
303,46,57,12,2024-04-03 00:48:00,8,7428.48,PIX
304,35,85,8,2024-06-21 11:37:58,1,23.21,Débito Online
305,10,94,8,2023-09-27 19:40:10,6,6055.14,Boleto Bancário
306,26,42,1,2025-05-14 09:04:40,6,1538.82,Boleto Bancário
307,7,102,13,2023-12-01 03:59:36,6,4359.48,Débito Online
308,19,187,10,2025-02-01 22:20:52,7,3938.62,Transferência Bancária
309,49,97,20,2025-01-18 06:33:32,8,8003.6,Boleto Bancário
310,25,99,11,2024-11-08 15:12:22,1,286.87,Cartão de Crédito
311,9,71,15,2023-12-29 05:43:11,5,5481.85,Débito Online
312,17,61,1,2023-09-17 00:31:57,7,4088.77,Débito Online
313,45,151,11,2024-01-15 08:06:46,8,3066.24,PIX
314,25,176,20,2025-02-27 15:14:54,7,2008.09,Boleto Bancário
315,30,173,2,2024-05-04 16:05:04,8,6818.16,Cartão de Crédito
316,20,103,12,2024-12-19 06:18:13,6,5152.92,Boleto Bancário
317,27,91,9,2023-07-24 23:21:48,2,1257.32,Transferência Bancária
318,24,111,15,2024-11-26 23:28:37,10,5509.6,Transferência Bancária
319,41,45,11,2024-07-18 22:34:23,5,2078.2,Transferência Bancária
320,24,57,10,2024-03-15 04:26:59,6,3305.76,Transferência Bancária
321,32,13,5,2023-07-03 04:47:28,2,1121.78,Débito Online
322,22,180,19,2024-09-01 20:36:50,8,6879.44,Boleto Bancário
323,34,37,6,2023-08-13 12:28:48,9,3960.63,Débito Online
324,34,196,19,2024-07-27 09:58:43,8,3520.56,PIX
325,33,20,15,2025-05-07 02:30:20,10,5680.1,Transferência Bancária
326,46,167,10,2024-09-01 13:36:27,6,5571.36,Cartão de Crédito
327,1,155,4,2023-07-09 12:12:32,5,1928.4,Débito Online
328,28,159,5,2024-04-29 11:44:10,2,1768.88,Débito Online
329,17,146,2,2024-12-06 07:11:16,1,584.11,Débito Online
330,33,77,3,2024-03-19 16:00:49,9,5112.09,Débito Online
331,30,54,3,2025-01-03 14:40:15,7,5965.89,PIX
332,44,121,7,2024-08-21 19:57:53,9,1921.59,Transferência Bancária
333,48,192,17,2024-11-15 06:39:40,5,761.35,Cartão de Crédito
334,48,1,6,2023-11-23 23:47:38,3,456.81,Boleto Bancário
335,5,80,2,2025-05-03 04:52:28,6,4396.02,Cartão de Crédito
336,28,189,13,2024-11-22 07:05:13,3,2653.32,PIX
337,15,167,19,2024-09-08 01:19:28,6,3616.5,Débito Online
338,28,77,15,2025-01-29 16:50:05,5,4422.2,Boleto Bancário
339,13,59,12,2024-05-13 15:46:17,2,455.52,Débito Online
340,27,157,5,2024-11-02 07:25:02,5,3143.3,Transferência Bancária
341,6,178,16,2024-12-08 23:31:07,9,5225.85,Cartão de Crédito
342,37,32,1,2025-04-01 00:40:31,9,1923.3,Cartão de Crédito
343,43,157,5,2023-11-05 03:59:11,7,4060.98,Cartão de Crédito
344,13,90,8,2025-05-28 16:25:47,2,455.52,PIX
345,25,20,4,2023-12-24 03:32:19,9,2581.83,Transferência Bancária
346,21,7,12,2024-04-09 17:29:46,9,3941.01,Cartão de Crédito
347,42,32,12,2024-03-20 11:19:08,5,2669.7,Transferência Bancária
348,31,98,11,2024-01-03 02:55:59,5,1933.25,Débito Online
349,15,101,5,2024-01-05 22:44:06,1,602.75,Transferência Bancária
350,47,178,20,2023-08-28 04:10:29,9,4497.75,Cartão de Crédito
351,29,82,4,2023-10-15 01:09:50,1,137.84,PIX
352,34,112,4,2024-10-05 00:40:40,9,3960.63,PIX
353,9,165,8,2024-05-30 18:23:32,2,2192.74,Cartão de Crédito
354,2,97,5,2024-04-21 13:18:22,7,5666.92,PIX
355,37,166,12,2025-01-10 15:51:46,2,427.4,Débito Online
356,2,200,2,2025-02-05 04:20:12,6,4857.36,Débito Online
357,16,68,4,2024-05-18 13:11:33,9,2943.27,Boleto Bancário
358,49,97,6,2024-10-26 16:56:56,9,9004.05,Débito Online
359,43,39,3,2025-05-01 10:14:51,9,5221.26,Débito Online
360,3,89,1,2023-07-04 10:51:17,6,1577.52,Débito Online
361,12,172,10,2024-11-22 08:44:19,2,171.72,Débito Online
362,19,139,10,2023-11-30 07:07:45,4,2250.64,Boleto Bancário
363,30,23,13,2024-09-09 16:03:03,3,2556.81,Débito Online
364,1,31,10,2024-07-30 23:23:30,7,2699.76,Transferência Bancária
365,4,189,18,2024-06-19 02:39:33,1,321.42,Transferência Bancária
366,15,174,15,2023-09-17 03:46:05,10,6027.5,Cartão de Crédito
367,28,59,1,2024-11-10 10:28:43,2,1768.88,Débito Online
368,2,39,11,2024-06-17 22:20:30,2,1619.12,Débito Online
369,16,158,4,2024-10-27 21:56:20,8,2616.24,Boleto Bancário
370,50,109,1,2024-11-04 08:18:07,8,7850.08,Cartão de Crédito
371,12,164,8,2024-08-12 02:48:02,3,257.58,Boleto Bancário
372,22,84,1,2024-03-05 07:50:46,5,4299.65,Boleto Bancário
373,5,168,13,2025-02-10 03:14:33,2,1465.34,Cartão de Crédito
374,36,125,11,2023-12-10 18:47:09,4,2534.08,Débito Online
375,9,114,18,2024-08-28 03:03:47,8,8770.96,Débito Online
376,50,63,16,2024-01-25 21:04:45,7,6868.82,PIX
377,5,41,8,2024-12-09 19:28:07,2,1465.34,Boleto Bancário
378,29,90,3,2024-07-29 07:28:55,5,689.2,Transferência Bancária
379,47,197,20,2025-04-27 14:46:44,4,1999.0,Boleto Bancário
380,7,88,14,2024-10-16 06:06:28,2,1453.16,Cartão de Crédito
381,40,78,20,2024-12-28 20:51:54,4,1907.16,Débito Online
382,19,141,2,2024-01-31 02:05:59,4,2250.64,Cartão de Crédito
383,4,64,5,2024-08-16 23:15:53,7,2249.94,Débito Online
384,21,27,15,2025-01-30 06:26:01,10,4378.9,Boleto Bancário
385,40,87,2,2024-11-14 14:58:54,1,476.79,Boleto Bancário
386,17,52,20,2024-02-07 04:09:47,8,4672.88,PIX
387,3,143,6,2023-06-15 20:39:52,10,2629.2,Transferência Bancária
388,3,158,15,2024-08-29 02:37:02,4,1051.68,Boleto Bancário
389,3,47,17,2024-09-14 06:40:50,2,525.84,PIX
390,25,41,16,2024-08-22 19:35:33,1,286.87,Débito Online
391,12,130,1,2025-02-01 21:53:34,9,772.74,Débito Online
392,45,25,19,2025-04-27 20:32:34,9,3449.52,Cartão de Crédito
393,46,68,17,2024-04-20 16:54:59,10,9285.6,Transferência Bancária
394,48,159,12,2024-01-14 10:41:09,4,609.08,PIX
395,27,152,18,2025-03-13 02:36:11,9,5657.94,Débito Online
396,43,96,10,2023-07-28 11:52:26,5,2900.7,Cartão de Crédito
397,2,100,15,2023-09-05 02:09:24,1,809.56,Débito Online
398,13,23,3,2023-08-21 16:10:04,5,1138.8,Boleto Bancário
399,36,23,16,2025-01-27 23:11:05,5,3167.6,Boleto Bancário
400,49,30,10,2023-10-12 10:11:50,7,7003.15,Boleto Bancário
401,25,129,7,2024-08-21 12:56:26,7,2008.09,PIX
402,47,104,16,2024-03-29 18:40:13,3,1499.25,Cartão de Crédito
403,14,76,15,2025-03-09 14:30:46,8,3137.68,Transferência Bancária
404,38,48,19,2024-10-08 09:03:48,1,34.57,PIX
405,22,122,7,2025-01-07 06:56:05,4,3439.72,Cartão de Crédito
406,34,66,12,2023-08-21 05:15:49,9,3960.63,Débito Online
407,15,18,1,2025-05-25 10:27:58,3,1808.25,Cartão de Crédito
408,39,2,8,2025-01-12 15:22:15,10,3439.6,PIX
409,34,126,17,2025-02-16 14:53:56,10,4400.7,PIX
410,4,200,17,2024-12-23 14:23:50,5,1607.1,PIX
411,47,173,15,2023-12-26 00:55:01,10,4997.5,Cartão de Crédito
412,14,113,18,2023-12-08 17:20:33,5,1961.05,Cartão de Crédito
413,48,79,5,2025-02-02 06:17:34,1,152.27,PIX
414,24,83,4,2024-07-01 06:10:48,1,550.96,Boleto Bancário
415,19,183,18,2023-10-11 21:13:04,2,1125.32,Cartão de Crédito
416,3,118,6,2025-04-12 11:43:20,4,1051.68,PIX
417,1,113,8,2024-02-18 03:34:50,10,3856.8,Cartão de Crédito
418,6,32,6,2025-02-18 18:57:20,4,2322.6,Débito Online
419,20,15,11,2025-01-31 22:59:02,6,5152.92,Débito Online
420,22,187,17,2025-02-13 22:14:02,9,7739.37,Cartão de Crédito
421,28,126,4,2025-04-24 23:56:31,8,7075.52,PIX
422,10,111,16,2023-10-04 18:22:09,4,4036.76,Transferência Bancária
423,45,155,4,2023-07-25 12:39:45,5,1916.4,Boleto Bancário
424,12,71,18,2023-08-30 11:02:18,5,429.3,PIX
425,17,52,9,2025-05-02 01:58:30,8,4672.88,PIX
426,34,185,12,2024-02-25 23:25:56,6,2640.42,PIX
427,3,78,11,2025-02-23 15:16:34,2,525.84,Boleto Bancário
428,14,12,1,2023-06-28 05:54:52,4,1568.84,Débito Online
429,49,70,11,2025-05-11 13:39:47,4,4001.8,Boleto Bancário
430,4,160,10,2024-01-27 17:55:46,9,2892.78,PIX
431,16,125,19,2023-06-11 15:54:23,8,2616.24,PIX
432,13,94,3,2024-05-24 20:56:22,4,911.04,Cartão de Crédito
433,1,34,9,2024-08-31 02:09:47,5,1928.4,Boleto Bancário
434,13,122,17,2024-01-01 03:09:44,4,911.04,Cartão de Crédito
435,2,97,12,2024-04-01 13:42:07,8,6476.48,Boleto Bancário
436,17,146,9,2023-09-19 00:24:49,9,5256.99,Transferência Bancária
437,40,25,3,2024-03-20 08:35:26,1,476.79,Débito Online
438,46,77,20,2024-05-18 22:59:00,3,2785.68,Débito Online
439,12,161,17,2025-03-25 03:45:04,10,858.6,Boleto Bancário
440,50,170,5,2024-03-22 10:38:21,1,981.26,Cartão de Crédito
441,28,5,16,2024-06-11 08:49:42,7,6191.08,Boleto Bancário
442,50,116,16,2025-04-21 22:08:09,4,3925.04,Débito Online
443,4,9,15,2025-02-07 15:29:51,2,642.84,Cartão de Crédito
444,24,34,14,2023-06-13 07:53:58,1,550.96,Boleto Bancário
445,18,92,12,2024-09-18 09:29:04,5,3455.8,Transferência Bancária
446,8,155,18,2025-05-17 12:01:01,2,2302.32,PIX
447,8,110,4,2025-05-02 08:19:35,5,5755.8,Transferência Bancária
448,29,44,8,2025-02-10 20:59:55,5,689.2,Boleto Bancário
449,13,106,11,2025-05-23 15:15:48,3,683.28,Transferência Bancária
450,40,163,1,2024-10-05 14:05:54,1,476.79,Boleto Bancário
451,15,132,19,2023-10-18 06:39:20,6,3616.5,PIX
452,43,103,16,2023-10-28 19:37:15,1,580.14,PIX
453,7,159,6,2024-02-06 04:44:56,10,7265.8,Boleto Bancário
454,3,189,10,2025-05-26 11:50:44,9,2366.28,Débito Online
455,6,120,10,2025-03-29 05:13:08,10,5806.5,Cartão de Crédito
456,36,74,7,2024-11-12 09:20:52,2,1267.04,Boleto Bancário
457,30,135,19,2023-08-14 13:41:47,3,2556.81,Cartão de Crédito
458,19,42,13,2023-08-23 08:25:04,9,5063.94,Débito Online
459,49,95,15,2024-05-15 05:56:27,1,1000.45,Boleto Bancário
460,29,61,5,2024-12-09 13:16:19,2,275.68,Boleto Bancário
461,12,197,19,2025-01-16 06:21:28,2,171.72,Transferência Bancária
462,21,145,20,2024-10-16 04:41:14,10,4378.9,Boleto Bancário
463,9,153,14,2024-12-07 05:44:37,9,9867.33,Cartão de Crédito
464,24,190,19,2024-07-08 11:13:36,10,5509.6,Cartão de Crédito
465,45,126,15,2025-04-22 00:50:21,3,1149.84,PIX
466,26,138,14,2024-08-20 17:52:55,4,1025.88,PIX
467,41,68,3,2024-12-03 15:21:36,1,415.64,PIX
468,43,166,15,2024-03-18 06:32:31,4,2320.56,Boleto Bancário
469,27,42,13,2024-12-27 19:08:38,1,628.66,Transferência Bancária
470,39,47,8,2024-07-23 22:35:23,6,2063.76,Transferência Bancária
471,12,188,3,2024-05-21 04:44:58,1,85.86,Cartão de Crédito
472,45,158,5,2024-06-15 18:36:44,6,2299.68,Débito Online
473,48,172,20,2024-03-20 18:47:23,4,609.08,PIX
474,15,4,11,2024-06-06 09:46:26,6,3616.5,Transferência Bancária
475,42,192,18,2025-03-21 02:01:41,4,2135.76,Transferência Bancária
476,3,172,11,2024-09-29 19:34:41,1,262.92,Débito Online
477,44,187,16,2024-10-10 00:53:59,8,1708.08,Boleto Bancário
478,39,29,14,2024-10-13 17:19:39,5,1719.8,Débito Online
479,2,29,20,2025-02-13 08:27:19,2,1619.12,Boleto Bancário
480,8,24,19,2024-04-30 21:41:42,6,6906.96,Cartão de Crédito
481,22,138,14,2023-12-18 17:17:45,6,5159.58,Boleto Bancário
482,42,146,18,2024-02-08 12:09:43,3,1601.82,Cartão de Crédito
483,5,193,17,2025-05-24 22:37:36,1,732.67,PIX
484,7,18,17,2023-11-03 21:57:33,5,3632.9,Cartão de Crédito
485,50,125,2,2024-08-30 11:57:03,2,1962.52,PIX
486,25,115,14,2025-01-26 06:29:27,5,1434.35,PIX
487,8,165,14,2025-02-19 09:03:40,10,11511.6,Boleto Bancário
488,37,112,12,2023-08-05 01:34:25,10,2137.0,Cartão de Crédito
489,39,158,3,2024-09-27 09:21:44,2,687.92,PIX
490,38,120,9,2025-03-17 18:08:27,8,276.56,Transferência Bancária
491,50,151,17,2023-06-24 15:08:53,5,4906.3,Transferência Bancária
492,6,71,11,2023-09-12 04:57:52,3,1741.95,Cartão de Crédito
493,7,20,13,2023-11-15 16:22:17,4,2906.32,Transferência Bancária
494,50,66,14,2023-11-02 11:16:49,3,2943.78,Cartão de Crédito
495,38,179,20,2024-12-02 07:45:06,7,241.99,Transferência Bancária
496,40,29,20,2023-06-21 21:20:35,10,4767.9,Boleto Bancário
497,31,151,14,2024-06-15 19:57:39,6,2319.9,Débito Online
498,39,87,13,2024-10-12 20:57:53,7,2407.72,Cartão de Crédito
499,40,82,16,2025-01-22 17:25:59,7,3337.53,Transferência Bancária
500,4,157,4,2023-08-06 20:14:18,1,321.42,PIX
501,2,60,13,2024-01-21 14:55:44,6,4857.36,Boleto Bancário
502,24,108,1,2025-02-18 12:40:59,3,1652.88,Débito Online
503,18,102,17,2025-01-09 16:10:31,2,1382.32,Cartão de Crédito
504,28,30,16,2024-08-18 00:20:24,3,2653.32,Transferência Bancária
505,17,2,4,2025-03-08 06:59:53,7,4088.77,Transferência Bancária
506,21,63,18,2024-11-06 10:41:26,6,2627.34,Transferência Bancária
507,22,117,20,2025-02-26 06:30:52,8,6879.44,Débito Online
508,28,163,10,2023-12-05 00:10:28,2,1768.88,PIX
509,7,161,4,2023-10-20 10:29:54,2,1453.16,Boleto Bancário
510,13,28,1,2024-10-28 11:56:31,3,683.28,Boleto Bancário
511,13,5,17,2023-08-08 12:16:58,7,1594.32,PIX
512,10,145,13,2023-08-11 16:57:55,9,9082.71,Transferência Bancária
513,29,163,20,2023-09-15 21:56:50,6,827.04,PIX
514,45,60,14,2024-04-30 19:36:42,9,3449.52,Cartão de Crédito
515,33,12,14,2025-02-14 17:17:18,6,3408.06,Cartão de Crédito
516,36,109,18,2024-07-16 09:53:24,1,633.52,Débito Online
517,26,20,18,2023-09-10 22:09:26,2,512.94,Cartão de Crédito
518,5,45,1,2025-04-02 03:32:24,5,3663.35,Boleto Bancário
519,24,161,13,2024-12-29 13:01:19,10,5509.6,Cartão de Crédito
520,1,129,16,2023-10-03 03:02:12,9,3471.12,Boleto Bancário
521,44,29,6,2025-02-27 18:00:01,10,2135.1,Cartão de Crédito
522,34,179,12,2024-09-28 02:48:08,1,440.07,Débito Online
523,40,29,10,2024-07-11 07:10:16,10,4767.9,Débito Online
524,26,6,15,2024-08-26 01:39:37,6,1538.82,Cartão de Crédito
525,6,131,18,2024-12-27 22:41:37,4,2322.6,Boleto Bancário
526,23,59,10,2023-10-20 06:44:52,7,1723.75,Débito Online
527,37,163,9,2023-07-01 20:15:41,4,854.8,Boleto Bancário
528,10,20,9,2024-09-29 08:52:22,7,7064.33,Cartão de Crédito
529,47,180,2,2025-01-04 09:28:24,7,3498.25,Boleto Bancário
530,29,116,3,2024-04-02 13:00:30,7,964.88,Cartão de Crédito
531,22,94,11,2024-11-13 08:16:41,8,6879.44,Transferência Bancária
532,14,117,8,2025-05-03 07:35:00,10,3922.1,Transferência Bancária
533,40,36,10,2023-11-16 08:14:57,8,3814.32,PIX
534,36,195,4,2024-07-29 22:24:15,2,1267.04,Transferência Bancária
535,6,123,18,2023-11-29 15:54:37,5,2903.25,Boleto Bancário
536,3,148,18,2024-10-12 19:35:27,4,1051.68,Débito Online
537,11,169,9,2025-05-21 04:29:56,6,1486.86,Boleto Bancário
538,15,121,3,2023-06-30 09:47:18,5,3013.75,Débito Online
539,28,171,2,2023-09-14 14:33:53,7,6191.08,Boleto Bancário
540,34,121,2,2024-04-09 00:42:53,1,440.07,Cartão de Crédito
541,37,168,2,2024-04-10 03:36:03,9,1923.3,Boleto Bancário
542,39,7,2,2025-03-28 03:52:32,2,687.92,Transferência Bancária
543,11,6,13,2024-05-08 03:53:51,8,1982.48,Transferência Bancária
544,29,89,6,2023-08-06 07:56:42,7,964.88,PIX
545,7,51,7,2023-06-15 08:14:00,10,7265.8,Cartão de Crédito
546,32,100,10,2023-11-14 11:57:53,3,1682.67,Boleto Bancário
547,10,111,8,2024-02-25 11:45:01,8,8073.52,Transferência Bancária
548,14,17,17,2024-05-18 07:29:58,9,3529.89,Cartão de Crédito
549,37,15,20,2025-04-19 05:32:02,8,1709.6,Débito Online
550,23,129,17,2024-01-17 02:50:06,2,492.5,Cartão de Crédito
551,47,106,11,2023-12-13 10:05:53,9,4497.75,PIX
552,35,158,17,2024-10-21 21:50:45,6,139.26,PIX
553,3,10,11,2025-01-20 21:12:54,1,262.92,Boleto Bancário
554,16,161,20,2023-07-23 16:16:45,7,2289.21,Cartão de Crédito
555,49,111,6,2024-01-04 09:39:51,6,6002.7,Débito Online
556,35,199,11,2023-06-03 15:35:56,2,46.42,PIX
557,46,92,3,2025-04-12 09:44:52,9,8357.04,Cartão de Crédito
558,25,80,12,2024-05-01 03:52:40,10,2868.7,Cartão de Crédito
559,25,143,1,2025-03-17 17:14:26,2,573.74,Cartão de Crédito
560,23,191,9,2024-08-12 10:05:03,8,1970.0,Transferência Bancária
561,38,196,2,2024-01-06 01:57:33,7,241.99,Boleto Bancário
562,11,50,14,2024-12-31 20:51:47,3,743.43,Transferência Bancária
563,4,70,11,2023-12-08 00:08:55,7,2249.94,Cartão de Crédito
564,25,36,17,2024-05-05 05:07:12,2,573.74,Boleto Bancário
565,9,186,14,2025-02-27 21:58:33,8,8770.96,PIX
566,44,188,6,2025-04-19 20:56:43,9,1921.59,Débito Online
567,19,5,1,2024-04-20 10:22:23,4,2250.64,Boleto Bancário
568,19,41,2,2023-12-11 00:26:19,4,2250.64,Transferência Bancária
569,35,168,10,2023-06-14 00:17:01,10,232.1,Transferência Bancária
570,30,148,14,2023-08-23 19:56:33,6,5113.62,Boleto Bancário
571,32,10,12,2023-06-08 10:27:48,10,5608.9,Débito Online
572,38,131,14,2024-03-05 08:40:32,3,103.71,Débito Online
573,40,117,14,2024-11-27 02:40:21,10,4767.9,Cartão de Crédito
574,14,151,7,2024-09-16 20:23:45,6,2353.26,PIX
575,5,17,1,2025-05-04 10:13:07,7,5128.69,Cartão de Crédito
576,40,160,14,2024-06-02 00:59:37,10,4767.9,Débito Online
577,32,150,12,2025-03-11 02:38:52,6,3365.34,Boleto Bancário
578,21,31,14,2023-08-13 13:27:38,5,2189.45,Transferência Bancária
579,39,46,8,2023-06-26 04:58:55,10,3439.6,Boleto Bancário
580,43,50,9,2023-08-01 16:32:44,2,1160.28,Transferência Bancária
581,22,70,14,2024-04-20 11:50:49,9,7739.37,Cartão de Crédito
582,10,98,15,2023-06-05 05:35:56,10,10091.9,PIX
583,6,8,20,2024-03-14 04:24:11,4,2322.6,PIX
584,19,146,3,2024-03-21 18:18:40,7,3938.62,Débito Online
585,48,57,9,2025-04-23 10:53:42,8,1218.16,Débito Online
586,36,94,16,2023-10-28 00:43:52,7,4434.64,Cartão de Crédito
587,37,10,11,2023-11-22 07:14:54,2,427.4,Boleto Bancário
588,45,163,15,2023-06-21 00:52:46,7,2682.96,Cartão de Crédito
589,23,97,4,2024-10-11 04:49:15,10,2462.5,Transferência Bancária
590,49,164,7,2025-05-09 19:59:25,3,3001.35,Débito Online
591,49,142,17,2023-07-09 19:20:06,1,1000.45,Débito Online
592,5,134,5,2024-02-09 20:59:45,3,2198.01,Transferência Bancária
593,44,24,20,2024-10-06 11:46:56,4,854.04,Débito Online
594,12,19,4,2023-07-08 12:18:26,6,515.16,Débito Online
595,49,27,9,2023-07-01 08:06:03,1,1000.45,Cartão de Crédito
596,21,31,8,2024-03-29 23:49:09,1,437.89,Cartão de Crédito
597,22,5,13,2023-09-14 04:52:57,9,7739.37,Débito Online
598,12,175,10,2024-04-25 06:49:29,10,858.6,Transferência Bancária
599,22,143,5,2025-03-14 20:11:13,2,1719.86,Transferência Bancária
600,39,92,5,2024-11-08 16:33:42,6,2063.76,Transferência Bancária
601,32,78,6,2024-11-19 17:05:26,4,2243.56,PIX
602,36,75,12,2023-08-02 16:49:52,9,5701.68,PIX
603,48,51,2,2024-06-02 15:59:30,9,1370.43,Cartão de Crédito
604,47,138,15,2023-08-30 14:23:33,5,2498.75,Transferência Bancária
605,12,111,16,2025-03-03 00:51:38,9,772.74,Débito Online
606,37,103,2,2023-08-29 01:42:34,4,854.8,Transferência Bancária
607,5,170,3,2023-11-04 01:03:32,2,1465.34,PIX
608,22,83,18,2023-10-18 03:32:17,9,7739.37,Boleto Bancário
609,3,110,14,2025-02-12 13:26:31,10,2629.2,Cartão de Crédito
610,6,12,15,2025-01-17 15:57:55,3,1741.95,PIX
611,39,180,8,2024-02-27 00:14:05,6,2063.76,PIX
612,39,177,19,2023-10-24 15:58:17,3,1031.88,Cartão de Crédito
613,26,122,4,2023-12-14 06:39:24,9,2308.23,Débito Online
614,8,17,16,2024-01-07 14:20:36,1,1151.16,Cartão de Crédito
615,11,147,11,2024-02-17 09:53:27,4,991.24,PIX
616,21,34,20,2024-04-27 05:45:45,1,437.89,Boleto Bancário
617,37,33,19,2025-05-16 17:33:45,4,854.8,PIX
618,6,115,4,2023-10-17 12:55:28,9,5225.85,Débito Online
619,22,155,20,2023-06-02 08:40:29,1,859.93,Cartão de Crédito
620,37,132,4,2024-07-07 14:01:06,6,1282.2,Boleto Bancário
621,26,65,13,2023-12-21 01:44:25,5,1282.35,Cartão de Crédito
622,26,176,14,2023-06-12 23:58:42,5,1282.35,Transferência Bancária
623,10,120,11,2023-10-24 09:31:07,6,6055.14,Débito Online
624,15,85,20,2024-05-12 15:18:45,5,3013.75,Boleto Bancário
625,19,107,8,2024-08-01 21:45:20,5,2813.3,PIX
626,25,123,12,2025-03-10 04:38:06,2,573.74,Débito Online
627,42,8,17,2024-09-06 09:22:34,1,533.94,Débito Online
628,26,159,9,2024-08-13 23:24:22,7,1795.29,Boleto Bancário
629,19,148,17,2024-02-28 21:37:38,8,4501.28,Cartão de Crédito
630,3,93,17,2024-06-29 15:17:50,9,2366.28,Cartão de Crédito
631,2,21,9,2023-08-11 21:54:34,7,5666.92,Cartão de Crédito
632,41,148,13,2023-12-04 15:06:53,10,4156.4,Cartão de Crédito
633,50,139,10,2024-09-10 08:58:13,1,981.26,Transferência Bancária
634,5,46,3,2025-03-09 22:10:53,4,2930.68,Transferência Bancária
635,30,148,2,2024-04-17 05:49:56,2,1704.54,PIX
636,38,174,7,2024-12-13 11:02:39,10,345.7,Débito Online
637,13,41,20,2023-07-09 08:14:08,3,683.28,Boleto Bancário
638,29,177,13,2023-08-13 14:31:46,4,551.36,Boleto Bancário
639,29,26,5,2023-09-22 07:48:05,8,1102.72,Débito Online
640,16,57,18,2023-06-23 07:06:23,7,2289.21,Cartão de Crédito
641,8,95,8,2024-03-18 09:24:01,4,4604.64,PIX
642,3,13,7,2025-03-11 20:00:43,8,2103.36,Transferência Bancária
643,44,186,13,2023-09-17 13:04:02,2,427.02,Cartão de Crédito
644,21,63,12,2024-02-15 06:39:55,9,3941.01,Débito Online
645,13,182,3,2023-10-05 12:11:37,5,1138.8,PIX
646,47,37,20,2023-07-02 12:32:13,1,499.75,Transferência Bancária
647,48,185,9,2023-08-12 18:59:35,8,1218.16,Transferência Bancária
648,8,197,11,2024-01-15 13:30:00,4,4604.64,Cartão de Crédito
649,22,122,5,2023-06-02 10:25:04,9,7739.37,Débito Online
650,40,180,4,2024-04-22 16:22:36,4,1907.16,Boleto Bancário
651,14,153,12,2025-03-10 08:09:42,5,1961.05,Cartão de Crédito
652,33,176,19,2023-12-03 15:13:05,2,1136.02,Débito Online
653,45,106,8,2023-07-11 20:16:47,3,1149.84,Transferência Bancária
654,44,196,14,2024-05-01 19:15:16,7,1494.57,PIX
655,17,155,17,2024-03-19 21:02:05,5,2920.55,Boleto Bancário
656,30,69,9,2024-09-29 15:49:44,8,6818.16,Boleto Bancário
657,44,197,4,2024-01-21 10:54:00,6,1281.06,Cartão de Crédito
658,5,152,10,2025-02-23 13:41:33,2,1465.34,Boleto Bancário
659,33,20,6,2025-01-24 02:08:06,2,1136.02,Boleto Bancário
660,50,72,19,2024-01-17 06:40:10,6,5887.56,Cartão de Crédito
661,50,171,11,2024-01-10 10:10:10,9,8831.34,PIX
662,34,24,12,2024-02-03 11:45:57,10,4400.7,Transferência Bancária
663,31,63,14,2024-02-21 20:50:06,8,3093.2,PIX
664,48,51,9,2023-07-05 19:49:49,1,152.27,Débito Online
665,4,176,19,2024-10-03 08:21:40,8,2571.36,Débito Online
666,4,30,7,2025-01-11 05:01:49,2,642.84,PIX
667,41,48,10,2024-12-11 05:39:30,9,3740.76,Cartão de Crédito
668,20,144,2,2023-10-26 06:42:36,1,858.82,Cartão de Crédito
669,39,114,12,2024-01-12 12:44:45,8,2751.68,Débito Online
670,47,47,18,2024-07-10 15:25:21,10,4997.5,Débito Online
671,37,29,9,2024-03-05 23:44:52,4,854.8,Transferência Bancária
672,17,53,19,2024-11-22 05:14:02,7,4088.77,Boleto Bancário
673,34,33,6,2024-10-29 23:43:59,7,3080.49,Cartão de Crédito
674,32,161,15,2024-12-09 19:44:38,8,4487.12,Transferência Bancária
675,26,69,7,2025-01-24 13:03:50,1,256.47,Débito Online
676,22,177,6,2023-10-19 21:25:02,7,6019.51,Débito Online
677,37,157,5,2024-03-26 22:14:45,8,1709.6,PIX
678,35,162,1,2024-07-21 12:48:36,7,162.47,Débito Online
679,1,1,19,2024-04-30 07:52:48,7,2699.76,Cartão de Crédito
680,12,82,3,2024-03-21 02:18:54,8,686.88,Débito Online
681,35,143,13,2023-06-14 13:56:32,1,23.21,Boleto Bancário
682,9,29,14,2023-11-08 00:00:05,2,2192.74,PIX
683,8,67,3,2023-09-12 03:20:28,5,5755.8,Cartão de Crédito
684,39,189,19,2024-03-10 07:29:04,6,2063.76,Cartão de Crédito
685,36,196,13,2024-02-14 03:00:50,9,5701.68,Cartão de Crédito
686,36,118,7,2024-10-06 20:44:32,3,1900.56,Transferência Bancária
687,4,55,5,2023-12-30 09:40:23,8,2571.36,Débito Online
688,26,178,10,2025-01-15 03:11:08,8,2051.76,PIX
689,25,19,12,2023-06-07 00:53:50,5,1434.35,Cartão de Crédito
690,32,185,1,2024-07-05 17:11:56,5,2804.45,Débito Online
691,31,167,12,2024-09-08 08:39:33,6,2319.9,Transferência Bancária
692,34,183,13,2023-09-10 13:11:50,1,440.07,Transferência Bancária
693,7,175,11,2023-12-02 18:01:31,3,2179.74,Débito Online
694,36,144,17,2024-09-08 15:50:39,10,6335.2,PIX
695,33,185,13,2024-04-28 15:21:06,8,4544.08,PIX
696,22,59,12,2025-04-19 23:16:57,9,7739.37,Boleto Bancário
697,12,19,13,2025-02-19 23:36:45,5,429.3,PIX
698,7,188,17,2025-02-21 15:28:05,7,5086.06,Boleto Bancário
699,11,65,15,2024-03-15 04:13:40,8,1982.48,Débito Online
700,35,177,9,2024-04-05 06:42:10,6,139.26,Débito Online
701,24,139,5,2025-01-19 20:34:20,10,5509.6,Débito Online
702,40,46,19,2024-02-13 02:13:05,5,2383.95,Débito Online
703,38,172,8,2025-05-25 00:25:15,1,34.57,Cartão de Crédito
704,30,177,16,2024-10-30 06:16:16,1,852.27,Cartão de Crédito
705,9,195,17,2025-05-07 09:18:15,10,10963.7,PIX
706,2,39,14,2024-05-11 16:23:20,6,4857.36,PIX
707,8,127,1,2024-09-13 20:52:21,8,9209.28,PIX
708,37,96,18,2024-11-01 20:32:08,7,1495.9,Cartão de Crédito
709,17,152,8,2024-08-26 22:52:04,2,1168.22,Transferência Bancária
710,5,27,6,2024-05-10 09:29:54,2,1465.34,PIX
711,41,128,20,2023-09-17 18:02:58,2,831.28,Transferência Bancária
712,33,158,18,2024-02-17 01:38:09,4,2272.04,Débito Online
713,7,50,10,2024-06-05 06:24:52,5,3632.9,Boleto Bancário
714,33,61,8,2024-06-15 08:01:12,6,3408.06,Débito Online
715,4,102,1,2024-10-16 10:15:10,9,2892.78,Cartão de Crédito
716,18,97,20,2024-05-18 20:16:44,10,6911.6,Transferência Bancária
717,23,180,20,2025-03-26 05:34:05,6,1477.5,PIX
718,10,68,1,2025-04-08 23:30:33,1,1009.19,Transferência Bancária
719,27,72,1,2024-11-16 00:31:00,4,2514.64,Transferência Bancária
720,36,83,14,2023-08-16 05:34:23,4,2534.08,Cartão de Crédito
721,24,163,20,2025-03-27 18:35:48,1,550.96,Transferência Bancária
722,22,101,17,2025-01-11 05:45:25,10,8599.3,PIX
723,12,138,19,2025-03-07 19:44:46,4,343.44,Cartão de Crédito
724,35,162,19,2023-07-21 20:01:37,10,232.1,Transferência Bancária
725,2,2,1,2024-07-21 13:03:05,10,8095.6,Boleto Bancário
726,30,171,16,2023-12-20 21:33:19,8,6818.16,Cartão de Crédito
727,12,163,7,2023-12-21 07:52:22,9,772.74,Débito Online
728,16,83,14,2025-02-06 19:03:44,9,2943.27,Débito Online
729,10,65,6,2025-04-16 22:59:33,3,3027.57,Boleto Bancário
730,7,64,12,2024-08-17 14:37:19,1,726.58,Cartão de Crédito
731,14,183,18,2023-12-06 14:34:09,5,1961.05,Débito Online
732,24,86,8,2023-07-13 22:16:27,1,550.96,PIX
733,31,161,8,2024-08-27 14:29:16,6,2319.9,Cartão de Crédito
734,19,16,20,2023-11-23 20:27:18,1,562.66,Cartão de Crédito
735,26,127,15,2023-11-25 11:29:37,8,2051.76,Débito Online
736,20,180,3,2024-05-21 04:01:08,4,3435.28,PIX
737,15,65,7,2023-08-10 11:27:33,9,5424.75,Boleto Bancário
738,5,85,7,2024-01-21 22:34:18,1,732.67,Transferência Bancária
739,18,77,12,2025-03-17 13:08:53,4,2764.64,Débito Online
740,20,103,6,2024-10-29 19:08:48,2,1717.64,Cartão de Crédito
741,9,143,12,2024-10-29 20:55:03,3,3289.11,PIX
742,50,47,8,2023-12-08 11:45:31,5,4906.3,Transferência Bancária
743,41,140,19,2024-02-05 07:02:04,10,4156.4,Boleto Bancário
744,1,71,15,2023-10-13 06:14:21,1,385.68,PIX
745,9,80,14,2025-02-03 19:34:29,8,8770.96,PIX
746,37,151,18,2023-08-11 19:33:23,5,1068.5,Transferência Bancária
747,49,67,9,2023-11-25 10:30:00,2,2000.9,Cartão de Crédito
748,47,93,10,2024-05-27 04:08:02,2,999.5,PIX
749,7,77,17,2025-05-01 06:01:40,1,726.58,Boleto Bancário
750,29,4,15,2025-04-01 14:49:43,9,1240.56,Cartão de Crédito
751,11,131,12,2024-11-09 01:50:18,10,2478.1,Cartão de Crédito
752,34,170,20,2024-01-15 15:28:45,10,4400.7,Débito Online
753,18,78,17,2024-03-15 10:42:36,3,2073.48,Transferência Bancária
754,45,161,20,2024-01-19 15:49:27,10,3832.8,Boleto Bancário
755,13,134,19,2024-05-11 20:34:55,4,911.04,Boleto Bancário
756,47,62,4,2023-12-11 19:41:22,8,3998.0,PIX
757,26,56,1,2025-04-24 18:33:26,1,256.47,Débito Online
758,11,17,13,2025-05-19 07:08:09,7,1734.67,Cartão de Crédito
759,38,26,12,2024-03-13 11:30:01,2,69.14,PIX
760,42,145,7,2023-12-27 22:13:13,6,3203.64,Boleto Bancário
761,4,45,5,2025-01-09 03:45:39,4,1285.68,Transferência Bancária
762,41,112,6,2023-07-18 11:51:35,8,3325.12,PIX
763,17,45,2,2024-09-27 16:58:41,9,5256.99,Transferência Bancária
764,3,33,9,2023-07-22 06:38:32,5,1314.6,Débito Online
765,33,105,18,2024-05-01 19:06:27,8,4544.08,Transferência Bancária
766,4,130,2,2024-12-28 16:11:48,10,3214.2,Cartão de Crédito
767,32,30,18,2024-12-08 08:48:26,2,1121.78,Transferência Bancária
768,2,104,13,2025-05-09 05:17:24,8,6476.48,Boleto Bancário
769,38,53,10,2024-03-14 15:05:19,8,276.56,Boleto Bancário
770,19,188,9,2024-11-29 12:53:17,9,5063.94,PIX
771,8,120,11,2025-01-13 10:31:01,9,10360.44,Transferência Bancária
772,31,166,7,2025-01-27 01:50:28,5,1933.25,Cartão de Crédito
773,43,26,18,2023-07-31 18:18:27,4,2320.56,Transferência Bancária
774,21,25,1,2024-08-13 15:10:11,10,4378.9,Transferência Bancária
775,7,158,20,2025-05-02 16:05:04,10,7265.8,Boleto Bancário
776,6,174,15,2025-04-07 02:47:49,10,5806.5,Transferência Bancária
777,4,200,8,2024-10-20 02:05:55,1,321.42,PIX
778,40,161,20,2024-04-02 02:29:30,5,2383.95,PIX
779,16,98,1,2023-09-16 04:10:14,6,1962.18,Boleto Bancário
780,38,44,12,2023-06-05 08:52:49,7,241.99,Boleto Bancário
781,17,103,6,2025-02-15 18:34:49,3,1752.33,PIX
782,37,195,10,2024-04-16 13:27:59,8,1709.6,PIX
783,36,106,10,2024-07-29 11:04:15,3,1900.56,Cartão de Crédito
784,2,80,19,2024-07-30 06:01:53,2,1619.12,Transferência Bancária
785,5,90,17,2025-02-20 13:33:38,7,5128.69,Transferência Bancária
786,32,2,17,2024-12-27 04:03:43,3,1682.67,PIX
787,48,79,8,2023-12-24 04:17:08,2,304.54,Boleto Bancário
788,41,78,7,2025-01-30 15:16:40,9,3740.76,Débito Online
789,18,69,9,2023-07-29 22:17:21,7,4838.12,Boleto Bancário
790,28,68,15,2023-07-28 03:23:33,8,7075.52,Débito Online
791,46,149,13,2024-01-01 05:34:00,2,1857.12,Cartão de Crédito
792,12,77,4,2024-05-20 07:32:21,4,343.44,Transferência Bancária
793,6,194,6,2024-01-09 01:26:31,9,5225.85,Débito Online
794,36,70,10,2024-04-18 12:09:33,8,5068.16,Transferência Bancária
795,14,2,2,2025-05-13 22:26:46,10,3922.1,Boleto Bancário
796,34,198,13,2025-05-02 16:03:05,2,880.14,Transferência Bancária
797,44,119,3,2023-09-08 15:38:06,3,640.53,Débito Online
798,47,64,6,2024-01-27 03:25:46,9,4497.75,Cartão de Crédito
799,22,152,10,2023-06-14 21:25:30,6,5159.58,PIX
800,15,28,1,2024-05-24 08:39:11,8,4822.0,Transferência Bancária
801,43,39,15,2025-03-23 03:11:13,3,1740.42,Cartão de Crédito
802,50,57,13,2024-11-14 07:17:21,6,5887.56,Boleto Bancário
803,39,39,9,2023-06-21 04:09:24,6,2063.76,Cartão de Crédito
804,11,73,2,2025-02-14 23:56:41,2,495.62,Transferência Bancária
805,29,145,17,2024-02-28 05:30:12,2,275.68,Débito Online
806,8,102,7,2023-07-06 06:33:52,10,11511.6,Cartão de Crédito
807,35,92,6,2025-05-10 20:17:18,6,139.26,Débito Online
808,22,23,20,2024-12-19 02:39:45,6,5159.58,PIX
809,13,38,17,2024-08-06 11:53:16,4,911.04,Cartão de Crédito
810,3,191,14,2024-12-31 01:47:28,6,1577.52,PIX
811,15,110,17,2023-08-26 07:41:29,2,1205.5,PIX
812,49,4,20,2024-10-24 13:24:38,7,7003.15,Boleto Bancário
813,10,71,19,2025-05-17 15:31:40,2,2018.38,Transferência Bancária
814,47,190,9,2024-04-11 06:56:07,9,4497.75,Débito Online
815,36,32,9,2024-07-09 23:12:10,4,2534.08,Transferência Bancária
816,48,137,18,2024-07-29 18:34:22,7,1065.89,Cartão de Crédito
817,22,175,7,2025-02-26 12:47:28,2,1719.86,Cartão de Crédito
818,20,53,5,2023-11-04 00:15:42,2,1717.64,Transferência Bancária
819,48,32,3,2024-06-29 03:57:33,9,1370.43,PIX
820,49,162,7,2023-12-09 23:02:06,5,5002.25,Cartão de Crédito
821,14,70,12,2024-10-26 06:36:45,10,3922.1,Transferência Bancária
822,47,50,10,2025-04-23 06:37:29,2,999.5,PIX
823,9,173,19,2023-08-05 18:38:34,1,1096.37,Transferência Bancária
824,23,175,20,2024-03-08 09:50:03,5,1231.25,Cartão de Crédito
825,27,35,16,2024-01-27 18:16:23,10,6286.6,Boleto Bancário
826,8,50,10,2024-12-31 19:15:44,1,1151.16,Boleto Bancário
827,4,82,7,2024-01-18 16:59:29,6,1928.52,Débito Online
828,13,17,18,2024-02-05 14:25:09,7,1594.32,Cartão de Crédito
829,37,177,3,2024-05-04 19:28:31,9,1923.3,Boleto Bancário
830,25,140,20,2023-12-27 15:28:15,2,573.74,Débito Online
831,29,180,7,2023-06-07 02:14:47,5,689.2,Cartão de Crédito
832,6,13,7,2023-06-21 21:58:26,8,4645.2,Débito Online
833,37,104,1,2023-07-17 21:49:03,6,1282.2,Transferência Bancária
834,50,160,12,2024-02-12 19:59:10,5,4906.3,Cartão de Crédito
835,6,142,15,2023-12-13 12:22:52,8,4645.2,Boleto Bancário
836,39,16,7,2025-03-16 21:44:49,9,3095.64,Débito Online
837,31,163,6,2023-09-28 07:03:23,2,773.3,PIX
838,14,130,17,2025-01-29 00:51:33,5,1961.05,Transferência Bancária
839,5,134,6,2024-02-24 05:48:32,9,6594.03,PIX
840,47,189,6,2025-03-27 04:35:50,6,2998.5,Boleto Bancário
841,9,76,12,2025-04-15 10:48:44,9,9867.33,Boleto Bancário
842,3,74,4,2023-06-26 16:27:23,7,1840.44,PIX
843,13,188,2,2024-02-24 03:17:10,6,1366.56,Boleto Bancário
844,43,136,9,2023-10-10 20:56:03,8,4641.12,Débito Online
845,18,11,5,2025-03-04 18:36:50,3,2073.48,Boleto Bancário
846,25,116,13,2023-07-25 00:04:09,3,860.61,Débito Online
847,23,192,18,2024-06-08 13:21:34,1,246.25,Boleto Bancário
848,35,3,11,2025-04-01 08:33:32,10,232.1,Débito Online
849,19,60,6,2024-11-09 09:35:14,8,4501.28,PIX
850,1,50,17,2024-04-22 12:54:02,10,3856.8,PIX
851,41,78,12,2025-02-05 19:46:48,6,2493.84,Cartão de Crédito
852,36,64,12,2023-12-16 17:43:18,3,1900.56,Cartão de Crédito
853,20,30,15,2024-08-24 19:10:28,7,6011.74,Cartão de Crédito
854,11,13,13,2025-03-30 06:32:36,8,1982.48,PIX
855,7,55,12,2024-01-13 06:41:19,6,4359.48,PIX
856,41,34,15,2023-10-30 08:21:32,5,2078.2,Débito Online
857,47,23,11,2024-02-08 20:20:35,3,1499.25,Transferência Bancária
858,43,124,9,2023-08-30 02:21:54,1,580.14,Débito Online
859,12,63,10,2025-01-13 15:55:48,7,601.02,Transferência Bancária
860,29,128,5,2025-02-11 23:20:22,5,689.2,Boleto Bancário
861,31,162,8,2023-12-30 06:15:50,4,1546.6,Cartão de Crédito
862,10,5,11,2023-12-06 20:04:43,7,7064.33,Débito Online
863,32,175,14,2024-05-08 19:45:00,6,3365.34,Boleto Bancário
864,33,100,6,2025-05-17 16:15:36,2,1136.02,Boleto Bancário
865,49,112,19,2023-08-01 12:31:09,1,1000.45,Transferência Bancária
866,42,81,16,2023-06-13 11:25:11,9,4805.46,Boleto Bancário
867,41,107,15,2024-01-12 19:58:08,10,4156.4,PIX
868,39,83,4,2025-03-06 16:04:31,7,2407.72,Cartão de Crédito
869,39,189,6,2024-01-24 03:00:44,4,1375.84,PIX
870,26,89,8,2024-05-30 14:58:02,3,769.41,Transferência Bancária
871,50,52,18,2025-04-07 06:33:24,5,4906.3,Transferência Bancária
872,38,195,15,2024-07-22 05:50:49,10,345.7,PIX
873,32,116,2,2023-08-17 02:13:09,5,2804.45,Transferência Bancária
874,7,156,3,2025-03-29 04:26:51,2,1453.16,Boleto Bancário
875,45,97,17,2024-06-08 09:51:46,5,1916.4,Débito Online
876,1,30,5,2023-12-13 11:47:11,2,771.36,Boleto Bancário
877,5,182,19,2023-10-03 02:36:04,8,5861.36,Cartão de Crédito
878,44,140,5,2024-02-20 19:36:03,9,1921.59,Transferência Bancária
879,35,156,4,2024-06-17 00:12:49,8,185.68,Transferência Bancária
880,33,123,20,2024-12-11 19:07:37,10,5680.1,Transferência Bancária
881,23,200,13,2024-06-12 15:44:27,4,985.0,PIX
882,4,49,9,2023-06-19 22:00:10,2,642.84,Débito Online
883,36,191,14,2024-05-10 10:05:19,1,633.52,Boleto Bancário
884,2,196,3,2025-01-22 07:07:57,3,2428.68,PIX
885,18,173,14,2024-10-14 15:14:24,9,6220.44,Débito Online
886,7,151,17,2024-11-23 02:06:28,10,7265.8,Transferência Bancária
887,18,168,8,2023-11-07 18:03:58,1,691.16,PIX
888,21,193,1,2023-09-19 03:51:53,2,875.78,Transferência Bancária
889,50,36,14,2024-06-30 18:20:03,6,5887.56,PIX
890,35,83,9,2024-08-07 14:24:55,3,69.63,Débito Online
891,41,121,18,2024-10-02 14:50:45,7,2909.48,Cartão de Crédito
892,14,184,19,2023-12-27 14:59:03,4,1568.84,Transferência Bancária
893,4,67,12,2023-12-09 01:58:38,2,642.84,PIX
894,1,34,2,2023-07-03 04:27:34,8,3085.44,Cartão de Crédito
895,5,133,10,2025-03-16 05:57:41,7,5128.69,PIX
896,41,81,6,2023-07-11 18:00:17,7,2909.48,Boleto Bancário
897,6,47,20,2025-02-16 22:57:49,6,3483.9,PIX
898,50,157,14,2025-04-22 05:53:52,1,981.26,Transferência Bancária
899,24,106,5,2023-08-30 18:44:43,5,2754.8,Débito Online
900,19,163,16,2024-11-22 05:15:04,10,5626.6,Cartão de Crédito
901,42,137,6,2023-12-05 07:29:56,9,4805.46,PIX
902,29,93,6,2023-08-25 21:52:46,9,1240.56,Boleto Bancário
903,26,138,16,2025-03-07 06:36:19,1,256.47,PIX
904,26,182,8,2023-07-08 03:18:18,8,2051.76,Transferência Bancária
905,21,27,18,2024-01-02 03:07:51,5,2189.45,Boleto Bancário
906,23,62,10,2024-02-04 20:36:24,7,1723.75,Cartão de Crédito
907,48,123,6,2024-10-21 03:58:55,9,1370.43,PIX
908,44,191,3,2024-01-05 01:29:30,6,1281.06,Cartão de Crédito
909,33,27,17,2024-04-11 00:23:16,5,2840.05,Transferência Bancária
910,43,20,2,2023-08-10 16:14:57,1,580.14,Cartão de Crédito
911,45,2,5,2024-01-18 20:38:08,9,3449.52,PIX
912,48,54,11,2025-02-05 15:30:31,6,913.62,Boleto Bancário
913,50,31,10,2024-06-12 12:34:26,10,9812.6,PIX
914,33,8,15,2024-08-30 06:41:37,2,1136.02,Transferência Bancária
915,24,190,10,2024-10-25 13:41:54,9,4958.64,Transferência Bancária
916,49,92,5,2024-05-05 12:45:13,5,5002.25,Transferência Bancária
917,32,129,15,2025-02-25 02:37:20,9,5048.01,Débito Online
918,31,149,1,2024-01-30 07:14:30,9,3479.85,Transferência Bancária
919,41,135,19,2025-04-25 00:28:26,4,1662.56,PIX
920,41,146,12,2024-12-31 05:39:19,10,4156.4,Cartão de Crédito
921,16,61,20,2024-01-21 01:42:59,8,2616.24,Transferência Bancária
922,6,15,15,2023-10-18 18:56:01,1,580.65,PIX
923,19,149,2,2025-03-02 17:02:27,1,562.66,Boleto Bancário
924,14,193,4,2024-06-23 10:43:48,6,2353.26,Transferência Bancária
925,13,138,12,2023-10-20 22:38:55,3,683.28,Cartão de Crédito
926,28,116,9,2023-10-01 07:49:49,5,4422.2,PIX
927,13,25,5,2024-02-26 06:31:08,1,227.76,Débito Online
928,15,25,14,2025-04-09 06:22:39,2,1205.5,Boleto Bancário
929,10,188,15,2023-11-18 05:40:55,7,7064.33,Transferência Bancária
930,4,83,16,2024-05-11 11:17:04,8,2571.36,Boleto Bancário
931,50,12,6,2023-11-10 06:17:18,2,1962.52,Transferência Bancária
932,38,11,9,2023-12-05 00:51:39,6,207.42,Transferência Bancária
933,8,154,14,2024-09-10 12:04:42,4,4604.64,Transferência Bancária
934,29,107,18,2023-12-07 08:03:34,2,275.68,Transferência Bancária
935,30,40,5,2025-05-12 15:05:17,8,6818.16,Débito Online
936,39,121,16,2025-01-09 07:25:35,10,3439.6,Cartão de Crédito
937,45,111,7,2025-01-12 06:07:36,5,1916.4,Cartão de Crédito
938,26,133,9,2023-11-09 19:12:20,9,2308.23,PIX
939,29,2,15,2023-10-10 09:08:00,2,275.68,Transferência Bancária
940,42,80,1,2024-04-04 03:16:11,5,2669.7,Boleto Bancário
941,13,150,12,2024-12-02 12:48:54,2,455.52,Transferência Bancária
942,46,51,10,2025-03-20 20:11:41,8,7428.48,Boleto Bancário
943,16,48,4,2024-02-19 07:15:52,3,981.09,Transferência Bancária
944,33,57,6,2023-10-15 13:50:45,7,3976.07,Cartão de Crédito
945,20,48,17,2025-02-22 07:49:14,4,3435.28,Débito Online
946,43,108,14,2025-02-07 03:16:42,1,580.14,Débito Online
947,40,125,11,2023-05-31 07:00:43,6,2860.74,Transferência Bancária
948,31,171,19,2024-03-12 14:50:37,8,3093.2,Boleto Bancário
949,7,42,11,2023-08-16 22:56:48,1,726.58,Boleto Bancário
950,3,88,12,2024-06-13 09:56:53,7,1840.44,Cartão de Crédito
951,1,77,19,2023-10-02 10:34:59,2,771.36,Boleto Bancário
952,45,137,7,2024-04-24 20:05:24,2,766.56,Transferência Bancária
953,26,14,4,2024-01-09 13:10:18,7,1795.29,Cartão de Crédito
954,4,145,4,2024-07-19 02:43:08,4,1285.68,PIX
955,10,160,11,2024-04-22 08:31:23,7,7064.33,PIX
956,10,44,11,2024-08-28 04:55:12,9,9082.71,Transferência Bancária
957,29,138,13,2025-04-13 03:45:48,7,964.88,PIX
958,8,111,5,2024-10-24 00:54:17,9,10360.44,PIX
959,4,85,5,2025-03-13 02:21:11,4,1285.68,Débito Online
960,37,22,20,2025-01-05 17:21:29,4,854.8,PIX
961,39,91,5,2024-04-28 09:33:48,6,2063.76,Cartão de Crédito
962,41,84,10,2023-12-15 22:31:31,8,3325.12,Boleto Bancário
963,12,134,10,2024-12-01 17:19:22,5,429.3,Transferência Bancária
964,28,78,14,2023-08-17 06:25:49,1,884.44,Débito Online
965,7,174,5,2025-05-05 21:47:30,4,2906.32,Transferência Bancária
966,16,7,10,2025-03-21 13:25:14,6,1962.18,Cartão de Crédito
967,4,31,11,2025-04-12 17:53:47,6,1928.52,Débito Online
968,15,65,1,2023-11-12 10:59:32,9,5424.75,PIX
969,10,70,15,2023-06-26 23:13:13,9,9082.71,Cartão de Crédito
970,24,196,17,2024-08-09 20:36:00,5,2754.8,Transferência Bancária
971,14,69,12,2024-10-03 07:13:53,9,3529.89,PIX
972,11,152,17,2024-12-02 19:31:33,5,1239.05,Débito Online
973,40,108,11,2023-11-29 03:10:24,7,3337.53,Cartão de Crédito
974,25,36,13,2025-02-03 07:02:15,7,2008.09,Boleto Bancário
975,20,108,6,2024-09-14 15:50:53,7,6011.74,Transferência Bancária
976,48,124,19,2023-08-10 15:53:09,3,456.81,Boleto Bancário
977,14,60,7,2024-06-01 06:59:43,6,2353.26,PIX
978,25,15,14,2024-08-11 16:24:05,7,2008.09,PIX
979,27,113,14,2024-03-31 22:01:18,9,5657.94,Transferência Bancária
980,18,156,15,2024-11-14 03:21:29,1,691.16,Débito Online
981,6,105,2,2023-07-12 07:01:58,2,1161.3,Débito Online
982,41,32,12,2024-07-12 06:19:05,9,3740.76,Débito Online
983,1,26,7,2025-01-23 03:06:12,6,2314.08,PIX
984,38,154,6,2024-09-12 10:37:12,6,207.42,Débito Online
985,27,22,18,2023-11-21 20:14:57,4,2514.64,Cartão de Crédito
986,27,8,13,2023-08-09 12:18:45,8,5029.28,Cartão de Crédito
987,9,18,6,2025-05-21 04:46:59,7,7674.59,Cartão de Crédito
988,45,119,5,2023-12-26 01:34:41,10,3832.8,PIX
989,17,30,14,2024-06-13 10:09:53,3,1752.33,Transferência Bancária
990,13,19,4,2024-04-19 17:20:38,6,1366.56,PIX
991,34,114,19,2024-05-19 19:49:18,2,880.14,Transferência Bancária
992,26,14,16,2023-07-19 13:49:01,4,1025.88,Débito Online
993,46,26,1,2024-12-22 19:23:20,8,7428.48,Boleto Bancário
994,1,115,11,2024-05-16 17:39:16,3,1157.04,Débito Online
995,41,78,19,2023-10-27 12:59:26,3,1246.92,PIX
996,9,37,20,2024-04-15 02:54:28,3,3289.11,PIX
997,38,124,4,2024-04-16 19:58:50,8,276.56,Cartão de Crédito
998,2,72,2,2024-12-02 15:28:47,2,1619.12,Transferência Bancária
999,7,60,12,2024-09-13 23:55:56,10,7265.8,Boleto Bancário
1000,3,40,8,2025-01-25 23:47:14,9,2366.28,PIX
